pilar;tema;angulo
Humanização;Um dia na clínica: bastidores da rotina;Mostrar a preparação da sala, os cuidados com biossegurança e o carinho em cada detalhe antes de receber a paciente.
Humanização;Por que escolhi a biomedicina estética;História pessoal: o que motivou a Dra. Simone e o que ela mais ama na profissão. Gera conexão e confiança.
Humanização;Como me preparo para receber cada paciente;Rotina de estudo, atualização e planejamento individualizado. Autoridade construída pela dedicação, não pela promessa.
Dor da paciente;Vergonha de procurar ajuda para a pele: você não está sozinha;Acolher quem adia a avaliação por insegurança. Normalizar a dúvida e abrir espaço para conversa no direct.
Dor da paciente;Manchas que aparecem em toda foto;Identificação: aquela mancha que incomoda na selfie. O que pode ser (sem diagnosticar) e por que a avaliação individual importa.
Dor da paciente;Sinais de que sua pele está pedindo socorro;Ressecamento, perda de viço, textura irregular: situações do dia a dia que geram identificação imediata.
Caso clínico;Como funciona a primeira avaliação, passo a passo;Formato jornada/processo (sem caso de paciente): da chegada à definição do plano. Reduz o medo do desconhecido.
Caso clínico;O que acontece em uma sessão: da chegada ao pós;Bastidor do procedimento em formato processo, com foco em segurança e cuidado. Sem imagens de pacientes.
Caso clínico;Por que cada protocolo é individualizado;Explicar por que não existe receita única: avaliação, histórico e objetivo definem o plano. Autoridade técnica.
Educação;Mito ou verdade: produto caro é sempre melhor?;Formato mito x verdade sobre skincare. Didático, sem citar marcas, reforçando a importância da orientação profissional.
Educação;O que é bioestimulador de colágeno, em linguagem simples;Explicação didática do conceito, para que serve e para quem faz sentido — sem promessa de resultado.
Educação;Protetor solar: o passo que muda tudo;Educação básica de fotoproteção: por que usar todos os dias, erros comuns e dúvidas frequentes.
Engajamento;Enquete: qual sua maior dúvida sobre cuidados com a pele?;Sequência guiada por enquetes e caixinha. As respostas viram pauta dos próximos dias.
Engajamento;Quiz: verdadeiro ou falso sobre estética;3 afirmações comuns em formato quiz, revelando a resposta no Story seguinte. Alta interação.
Engajamento;Caixinha aberta: me pergunte qualquer coisa;Caixinha de perguntas sobre procedimentos e rotina de cuidados. Responder as melhores nos Stories de amanhã.
Prova social e conversão;A jornada por trás de um resultado;Formato processo: avaliação, plano e acompanhamento. Mostra seriedade sem usar imagem de paciente não autorizada.
Prova social e conversão;Como agendar sua avaliação: passo a passo;Tirar o atrito do agendamento: como funciona, o que levar, quanto tempo dura. CTA direto para o link/DM.
Prova social e conversão;O que as pacientes mais valorizam na clínica;Elementos de confiança: acolhimento, segurança, individualização. Sem comparação com outros profissionais.
